Charles,Pate
Ronald,Damron
Jaime,Sanderson
Luke,Eakes
Juanita,Johnson
Georgette,Hamilton
Destiny,Rogers
Victoria,Banks
Thomas,Garner
Tiffany,Bernier
Orville,Jackson
Linda,Williams
Devin,Brown
Jared,Saxton
Ruth,Perez
Dale,Tapley
Elizabeth,Johnson
Katlyn,Schroeder
Katherine,Rendon
Sherman,Coston
Charles,Holmes
Mary,Gibson
Derrick,Chan
Ed,Dewitt
Pauline,Day
Judith,Agosto
Catherine,Flowers
Renee,Schumaker
Jerome,Issa
Byron,Claxton
Ida,Brown
Joseph,Romans
Margaret,Dodson
Heather,Sterling
Mollie,Frederick
Kelly,Gray
Emery,Dickson
Dennis,Hayes
Etta,Cartwright
Alan,South
Susan,Gabriel
Charles,Young
Crista,Evans
Cassandra,Spivey
Kevin,Orr
Henry,Parks
Robert,Miller
Lynn,Kinlaw
Ralph,Nusbaum
Wilma,Peterson
Patricia,Maxfield
Dean,Loyd
Mary,Binkley
Lida,Costner
Jose,Arroyo
Curtis,Colon
Arlene,Ramsey
William,Edwards
Celestine,Compton
Lucas,Johnson
Jose,Bohannon
Sheldon,Connor
Richard,Williams
Harold,Clay
Jose,Bustos
Jodi,Sell
Donna,Snodgrass
James,Carter
Daren,Jones
Ryan,Simpson
Brian,Raub
Mark,Powell
Kristyn,Hill
Joseph,Lightner
Tracy,Williams
Brian,Clay
Burton,Davis
Irene,Christen
Charles,Medrano
Marie,Sisk
Douglas,Lewis
Jolene,Galarza
Linda,Blevins
Jared,Ray
Michelle,Graham
Jonathan,McKeon
Carol,Stevens
Kirk,Givens
Gloria,Woodard
Robert,Winsor
Richie,Gordon
Walter,Ross
Janice,Rice
Kenneth,Best
Robert,Dejesus
Deborah,Vincent
Kevin,Nelson
Nicole,Sellers
Sheree,Coleman
Daisy,Gregorio
Frances,Alvarado
Christian,Collman
Michael,Nixon
James,Sumrall
Ronald,Otey
Mary,White
Mary,Noble
Pearl,Hazel
Kenneth,Fansler
Mildred,Cox
Lloyd,Spence
Pauline,Marchant
Stella,Ayers
Matthew,Berthelot
Merle,Ryan
James,Stewart
Kevin,Dudley
Jose,Croker
Caroline,Boer
Clarence,Williams
Antoine,Garner
Amy,Jacobs
Shoshana,West
Nicole,Benitez
Gertie,Davis
Tony,Diehl
Maria,Young
Tom,Roberts
Joseph,Jiles
Joseph,Enriquez
Rose,Fant
Robert,Barnes
Pearl,Davis
Melissa,Shamblin
Patricia,Dunham
Gwendolyn,Chapman
Charlie,Smith
David,Webb
Patrick,Dickey
Steven,Downing
Richard,Siegfried
Katherine,Baird
Ronald,Arehart
Lester,Yeary
Susan,Reed
Benny,Earnhardt
Carlos,England
Linda,Humphries
Timothy,Blair
Travis,Karlson
David,Elkin
Lydia,Ebert
Kerri,Bogart
Olive,Ruiz
Anglea,Woodby
Jasmine,Jackson
John,Yost
Eric,Coleman
Kathryn,Hutto
Larry,Mason
Sandra,Greene
Susan,Currie
Derek,Marconi
Maria,Wooster
Robert,Davis
Michelle,Kaster
Robert,Dudley
Dustin,Alexander
Christopher,Duran
Kevin,Gutierrez
Robert,Wynn
Daniel,Kirkham
Melissa,Waddell
Ron,Puleo
Jesse,Conte
Natalia,Butterfield
Erin,Sisk
Debbie,David
Jose,Neeley
Donna,Guerrero
Sarah,Johnson
Dale,Denton
Oswaldo,Davis
Kevin,Howard
John,Dunigan
Roosevelt,Greer
John,Browne
James,Maston
Brooks,Jackson
Cameron,Barron
Clara,Jeffers
Casey,Hurtado
Mario,Demps
Terrance,Stevenson
Alan,Mann
Tom,Fiqueroa
Tamara,Calloway
Katherine,Armstrong
Steven,Sweeney
Renee,Powell
